positive,Vacon 's cash flow from operations grew to EUR 37.1 mn from EUR 21.9 mn a year ago .
neutral,Vacon will supply drives to Ruselprom in the power range from 200 kW up to 2 MW .
positive,"We also strengthen our existing partnership with Cybercom '' , says Teleste CTO Esko Myllyla ."
positive,"Via the Satlan acquisition , Teleste plans to further expand its market presence as a video services partner for cable operators , broadcasters and IPTV service providers ."
positive,"With the acquisition , the company will expand its offering to North , Central and South America , it said ."
positive,"With the extension of the new contract for a further eight engines , the plant will now produce over 100 MW , it said ."
positive,YIT says the acquisition is a part of its strategy for expansion in Central and Eastern European markets .
positive,"`` BasWare 's product sales grew strongly in the financial period , by 24 percent ."
positive,"`` The second quarter of 2010 was the firstquarter with growth in net sales since the third quarter of2008 , '' said Magnus Rosen , Ramirent CEO ."
positive,"`` The transaction strengthens our position ... in design and branded goods , '' said Fiskars president and CEO Heikki Allonen , pointing out that the two groups have relatively few overlapping operations ."
positive,1 February 2011 - Finnish textile and clothing company Marimekko Oyj HEL : MMO1V said today its preliminary operating profit grew to EUR8 .2 m in 2010 from EUR6 .3 m in 2009 .
neutral,Finnish Componenta has published its new long-term strategy for the period 2011-2015 with the aim of growing together with its customers .
positive,"Finnish Larox has signed a contract with the Talvivaara Project for the delivery of filters to the Talvivaara nickel mine in Sotkamo , in Finland ."
positive,Affecto expects its net sales for the whole 2010 to increase from the 2009 level when they reached EUR 103 million .
positive,Cash flow from operations rose to EUR 52.7 mn from EUR 15.6 mn in 2007 .
positive,Commission income rose by 25.7 % to EUR 16.1 mn from EUR 12.8 mn in 2004 .
positive,Componenta 's objective with this agreement is to increase business on its existing production lines .
positive,"Earnings per share for January-June 2010 were EUR0 .30 , an increase of 20 % year-on-year EUR0 .25 ."
positive,Earnings per share EPS rose to EUR 0.11 from EUR 0.03 .
positive,"Elisa said mobile subscriptions grew 7 percent during 2007 , mainly because of customers adopting so-called third generation mobile technology ."
positive,"EPS for the quarter came in at 0.36 eur , up from 0.33 eur a year ago and ahead of forecast of 0.33 eur ."
positive,EPS grew to 0.04 eur from 0.02 eur .
positive,Exports grew 16.5 percent to 19.1 million liters .
positive,"Finnish investment group Panostaja Oyj said its net profit went up to 8.6 mln euro $ 11.4 mln in fiscal 2005-06 , ended October 31 , 2006 , from 2.8 mln euro $ 3.7 mln in the same period of fiscal 2004-05 ."
positive,Finnish metal components supplier Componenta Oyj said its net profit went up to 3.5 mln euro $ 4.5 mln in 2006 from 2.2 mln euro $ 2.8 mln in 2005 .
positive,"Finnish silicon wafer technology company Okmetic Oyj OMX Helsinki : OKM1V reported on Thursday 30 October an operating profit of EUR7 .4 m for January-September 2008 , up from EUR6 .1 m in the corresponding period in 2007 ."
positive,"Fiskars Brands report net sales of EUR 145.8 mn , up from EUR 138.4 mn ."
positive,"GeoSentric Oyj s GeoSolutions Business Unit GyPSii , the mobile digital lifestyle application and geo-mobility social networking platform , has signed an agreement with Nanjing MyNet to make the GyPSii mobile social networking platform available to customers of China Mobile ."
positive,HELSINKI AFX - Outokumpu Technology said it has signed a 3.5 mln eur agreement with Mongolia 's Erdenet Mining Corporation for the engineering of the first HydroCopper plant to be built at the Erdenet mine site .
positive,"However , the proportion of the paid standing orders grew in 2009 ."
positive,"In addition to the demand in Finland , the export of lining stone products also increased ."
positive,"In January-September 2007 , the group 's net sales from continuing operations rose to EUR 213.1 mn from EUR 172.6 mn in the corresponding period in 2006 ."
positive,"In July-September 2008 , YIT 's net sales increased to EUR 970.8 mn , compared to EUR 906.8 mn in the corresponding period in 2007 ."
positive,"In the reporting period , net sales rose by 8 % year-on-year to EUR64 .3 m , due to the business acquisitions realized during the first half of 2008-09 , the effect of which was EUR10 .9 m in the review period ."
positive,"In the reporting period , the company 's operating profit grew by 43.2 % to EUR 6 million ."
positive,Last year 's net sales rose to EUR 68.3 million from EUR 62.2 million .
positive,"Last year the company raised its turnover to approximately 7 million litas EUR 2 mln , from 6.1 million litas in 2004 ."
positive,"ADP News - Nov 18 , 2008 - Finnish AC drives manufacturer Vacon Oyj OMX : VAC1V said today that it had set up new representative offices in Romania and Ukraine to serve the growing markets in eastern and southeastern Europe ."
positive,Marimekko Group 's full-year net sales are estimated to increase by about 10 % .
positive,Net sales surged by 30 % to EUR 36 million .
positive,"Net sales went up by 1 % year-on-year to EUR 29 million , affected by the business acquisitions , realized during the previous financial period , the effect of which was EUR 5.1 million on the review period ."
positive,"Nevertheless , its market share rose to 49.14 percent from 48.51 percent a year earlier ."
positive,Nokia - the world 's largest mobile phone manufacturer - and China Postel - China 's largest mobile phone distributor - have a long-standing partnership that continues to grow stronger over time .
positive,"October-December sales were 302 mln eur , or a 25.3 pct increase year on year ."
positive,"Olvi , which controls a 94 percent stake in Ragutis through A. Le Coq , said in its annual report published earlier this year that the Lithuanian brewery 's sales reached 15.04 million euros last year , a rise of 20.4 percent from 12.49 million euros in 2004 ."
positive,Olvi expects sales and market share to increase in the first quarter of 2010 .
neutral,"Olvi 's target is to strengthen its market share in soft drinks , mineral waters , ciders , long drinks , and energy drinks ."
positive,Operating profit increased to EUR 14.0 mn from EUR 4.9 mn in the corresponding period in 2005 .
positive,Operating profit of the Asian plants grew markedly .
positive,"Operating profit totaled EUR 825mn , up from EUR 763mn in 2004 ."
positive,"Operating profit totalled EUR 83.0 mn , up from EUR 23.5 mn year-on-year ."
positive,Production capacity will increase from 36 000 to 85 000 tonnes per year and the raw material will continue to be recycled paper and board .
positive,Profit for the period increased from EUR 2.9 mn to EUR 10.5 mn .
positive,"Profit per share was EUR 1.03 , up from EUR 0.87 ."
positive,Return on capital employed rose by 4.8 percentage points to 19.6 % .
positive,"Revenue from July to September grew 21 percent to EURO 2.3 billion , the Finnish company said Thursday ."
positive,Revenue grew 1 percent to euro742 .2 million US$ 964 million from euro735 million .
positive,Ruukki 's order book at the end of 2010 was 30 % up year-on-year and 10 % up quarter-on-quarter .
positive,Ruukki signed the contract with Norwegian company Veidekke Entreprenor AS .
positive,Sales in Finland rose by 3.9 % and international growth was 0.7 % .
positive,Sales of security and system packaging increased slightly .
positive,Stora Enso 's third-quarter pre-tax profit doubled to EUR 197mn .
positive,"Strongest growth was seen in the new markets in Russia , the Czech Republic , and Slovakia ."
positive,"The airline has ordered nine Airbus A350-900 aircraft with deliveries from 2011 , and in doing so becomes the lead airline for the latest variant of Rolls-Royce Trent series engines , called the 1700 ."
positive,"The company is now intensifying its smelter operations and increasing its annual production capacity to 230,000 tonnes of copper ."
positive,The company 's market share is continued to increase further .
positive,"The company 's scheduled traffic , measured in revenue passenger kilometres RPK , grew by just over 2 % and nearly 3 % more passengers were carried on scheduled flights than in February 2009 ."
positive,"The company said that its investments in the new market areas resulted in sales increase in Sweden , Poland , Russia and Lithuania ."
positive,"The disposal of Autotank will also strengthen Aspo 's capital structure , '' commented Gustav Nyberg , CEO of Aspo ."
positive,"The earnings per share for the quarter came in at 0.25 eur , up from the 0.20 eur of the same quarter a year earlier ."
positive,The economic occupancy rate of Sponda 's property portfolio rose to 91.2 % from 88.8 % in 2006 .
positive,"The Finnish supplier of BSS-OSS and VAS for telecom operators , Tecnotree , has received expansion orders worth a total US$ 7.3 mn for its convergent charging and next generation messaging solutions in Latin America , the company announced without specifying which operators had placed the orders ."
positive,The group 's 12-month operating profit grew 31 percent to 337.8 million euros .
positive,"The growth in the activeness of Talentum 's customers , which started at the end of 2009 , continued during the reporting period , the company stated ."
positive,The growth of net sales in the first half of 2008 has been 28 % compared with the first half of 2007 .
positive,The pretax profit of the group 's life insurance business increased to EUR 36 million from EUR 27 million .
positive,The pretax profit of the group 's life insurance business increased to EUR36m from EUR27m .
positive,"The total delivery volume of paper businesses in 2010 was 1,155,000 tonnes , up from 1,132,000 tonnes in 2009 ."
positive,The value of the firm 's forestry holdings increased by SEK 3.6 bn .
positive,"This new deal has strengthened the partnership from Telemig Celular and Tecnomen , which it has started since the beginning of Telemig 's prepaid operations ."
positive,Turnover rose to EUR21m from EUR17m .
positive,"Xerox and Stora Enso have teamed up to tailor the iGen3 to the short-run , on-demand packaging market ."
positive,YIT Construction and the town of Riihim+Æki have signed a lease contract whereby the town will occupy the Travel Centre office facilities .
positive,"The upgrade is intended to raise the network capacity from 450 MHz to 630 MHz in several cities , enabling bi-directional services for digital television as well as broadband data ."
neutral,The Finnish company Stockmann has signed the contract with the company Technopolis .
neutral,"According to its notice , Skandinaviska Enskilda Banken AB publ Helsinki Branch has on 10 August 2009 divested in total 11,958,000 Alma Media shares to Ilkka-Yhtyma Oyj and Kaleva Kustannus Oy , as the conditions of the agreement made by the companies on 1 July 2009 fulfilled ."
neutral,"As previously announced , GeoSentric Oyj entered into financing agreements with its lead investor on June 30 , 2010 enabling the Company to receive financing up to the aggregate amount of 6M ."
neutral,"At the same time , the market for automated liquid handling devices is already larger than that for pipettes , according to Biohit ."
neutral,Efore 's CEO Reijo Maihaniemi said that the company has developed and already delivered power supply units to respective systems based on this technology to Chinese sector company ZTE Corp SHE : 000063 .
neutral,Finnish Talvivaara Mining Co HEL : TLV1V said Thursday it had picked BofA Merrill Lynch and JPMorgan NYSE : JPM as joint bookrunners of its planned issue of convertible notes worth up to EUR250m USD332m .
positive,"Lead production , in turn , should increase to 60,000 tonnes through 2009 in what would be a twofold increase from current capacity levels , Zahariev said ."
neutral,"Lemminkainen Oyj said that it has signed credit agreements with Nordea Bank STO : NDA , Pohjola Bank HEL : POH1S , Sampo Bank HEL : SAMAS and Svenska Handelsbanken STO : SHB A ."
neutral,Pohjola could increase its stake to 45 % in 2013 .
neutral,Scandic Feed will also diversify Tosno 's product portfolio further .
positive,"Separately , YIT Corporation and Austrian firm E AG last week signed an agreement on the sale of E 's building system service business in Germany , Austria , Poland , the Czech Republic , Hungary and Romania for EUR 55 mln ."
neutral,The agreement with JM is one in a series of contracts that TeliaSonera has signed in recent months with residential construction and real estate management companies in Sweden .
positive,The company intends to raise production capacity in 2006 .
neutral,"The estimated value of the contract is EUR12 .4 m. Vaisala , headquartered in Helsinki in Finland , develops and manufactures electronic measurement systems for meteorology , environmental sciences , traffic and industry ."
neutral,"The mall is part of the Baltic Pearl development project in the city of St Petersburg , where Baltic Pearl CJSC , a subsidiary of Shanghai Foreign Joint Investment Company , is developing homes for 35,000 people ."
neutral,"The new facility , to be known as Technopolis Pulkovo , will introduce to the Russian market an entirely new concept of creating , operating and growing a commercially-funded science and technology park to support the growth of knowledge-intensive companies ."
positive,"Thereby , the company will expand its offering to North , Central and South America ."
positive,"To our members and partners , the use of IT will mostly be apparent in the increased efficiency of the results service , '' observes Perttu Puro from Tradeka ."
neutral,Vacon controls a further 5 % of the company via investment fund Power Fund I. EUR 1.0 = USD 1.397
neutral,"` This order is included in Wartsila 's order book in the second quarter , ' the company added ."
neutral,`` Management decided at the end of 2005 to increase cathode copper capacity .
neutral,4 ) Complete name of the shareholder : Otto Henrik Bernhard Nyberg 5 ) Further information : The amount of shares now transferred corresponds to 5.68 % of the total number of shares in Aspo Plc. .
neutral,"A data processing unit collects the data , calculates RVR values and provides the data to users via various interfaces ."
negative,A tinyurl link takes users to a scamming site promising that users can earn thousands of dollars by becoming a Google ( NASDAQ : GOOG ) Cash advertiser .
neutral,"ALEXANDRIA , Va. , March 28 -- Pertti Salmi and Hanna Vuolteenaho , both of Oulu , Finland , and Sami Viitasaari of Ii , Finland , have developed an ornamental design for a handset , the U.S. Patent & Trademark Office announced ."
neutral,"ALEXANDRIA , Va. , Oct. 3 -- Markka A. Oksanen and Harald Kaaja , both of Helsinki , Finland , Juha Salokannel of Kangasala , Finland , and Arto Palin of Viiala , Finland , have developed a system for providing communications security ."
neutral,"As earlier reported , Nokian Tyres is building a plant in the town of Vsevolozhsk in Russia 's Leningrad Region with an annual production capacity of 4 million tires ."
neutral,Calls to the switchboard and directory services have decreased significantly since our employees now have up-to-date contact information from all their colleagues and customers on their phone and can place the call directly .
neutral,"Cargotec 's share capital after the increase totals 64,046,460 euros ."
neutral,"Cargotec 's share capital after the increase totals EUR 64,299,180 ."
positive,"Compared with the FTSE 100 index , which rose 28.3 points or 0.5 % on the day , this was a relative price change of 2.3 % ."
positive,Componenta increased its stake in Turkish steel company Doktas Dokumculuk Ticaret ve Sanayi A.S. to 92.6 pct stake in March 2007 .
positive,"Earnings per share EPS are seen at EUR 0.56 , up from EUR 0.38 ."
positive,Estonia 's beer market overall grew three percent last year to 130 million liters .
neutral,Finnish food company Raisio Oyj HEL : RAIVV said on Friday it has wrapped up the divestment of its margarine operations to US sector player Bunge Ltd NYSE : BG for EUR80m USD119 .2 m .
positive,Finnish lifting equipment maker Konecranes HEL : KCR1V said on 29 July 2009 it has raised its stake in Austrian manipulator maker ACS Konecranes to 80 % and bought German sector player Knight Europe .
neutral,Finnish paper maker UPM-Kymmene Corp. on Monday announced the sale of its wrapping unit Walki Wisa to the CapMan investment group in a move to further concentrate on its core business .
neutral,Following the increase the company+ˆEUR TM s capital totals 5.5 mln Romanian lei $ 1.98 mln-1 .56 mln euro .
positive,"HELSINKI AFX - KCI Konecranes said it has raised its stake in MMH Holdings Inc , the owner of US-based Morris Materials Handling , to 90.9 pct from 74.5 pct ."
neutral,"In 2008 , it generated net sales of EUR 9.3 million USD 13.1 m ."
neutral,"In August , Latvijas Finieris ordered all production lines for a new green veneer mill to be built in Ukmerge , Lithuania ."
positive,It delivers a different user experience and enables us to widen the market we can address . ''
neutral,Jacobs has been supporting Storengy 's investment of developing storage sites since 2006 as owner 's engineer .
positive,"ADPnews - Jun 30 , 2009 - Finnish stainless steel maker Outokumpu Oyj HEL : OUT1V said yesterday it signed a three-year EUR 900 million USD 1.3 bn revolving credit facility ."
positive,Most of the increase in net sales was due to the acquisition of Swedish Silva that produces garden tools and boats .
neutral,"Mr Ashley , deputy executive chairman of Sports Direct , sold a 43pc stake in the company for more than pounds 900m at the time of the float ."
negative,One of the challenges in the oil production in the North Sea is scale formation that can plug pipelines and halt production .
neutral,Rental of building equipment accounted for 88 percent of the operating income .
neutral,"Ruukki 's delivery includes steel structures , including installation , for Krakeroy bascule bridge and steel piles for the bridge foundations ."
neutral,Sanoma will continue to focus on investing in digital media and on strengthening its market positions .
neutral,Stockmann was established in 1862 in Finland and it became the first foreign company to enter Russia 's retail trade market in 1989 .
positive,SysOpen Digia had signed an agreement with the main shareholders of Sentera holding in total 77.39 % of the share capital and votes of Sentera .
neutral,"The acquisition is part of Suomen Helasto 's strategy to expand the LukkoExpert Security chain , Suomen Helasto CEO Kimmo Uusimaki said ."
neutral,"The broad-based WIG index ended Thursday 's session 0.1 pct up at 65,003.34 pts , while the blue-chip WIG20 was 1.13 down at 3,687.15 pts ."
neutral,The business to be divested generates consolidated net sales of EUR 60 million annually and currently has some 640 employees .
neutral,"The company generates net sales of about 600 mln euro $ 775.5 mln annually and employs 6,000 ."
positive,The company plans to expand into the international market through its subsidiaries and distributors from 2011 onwards .
neutral,The company plans to spend the proceeds from the rights offering for strengthening its balance sheet .
neutral,"The contract covers the manufacturing , surface-treatment and installation of the steel structures ."
neutral,"The corresponding increase in the share capital , EUR422 ,754 , has been entered in the Trade Register today ."
neutral,"The corresponding increase in the share capital , in total EUR 300,00 was registered in the Finnish Trade Register on May 8 , 2008 ."
neutral,"The corresponding increase in the share capital due to these subscriptions with the warrants , in total EUR 1,860.74 , was registered with the Finnish Trade Register on January 4 , 2008 ."
neutral,"The corresponding share capital increase , EUR 1,012,945.50 was entered in the Trade Register today ."
positive,"The decision to sell a share in Lenenergo was reached in line with Fortum 's strategic plans to invest mainly in generating assets in Russia , while Lenenergo is a grid company , the press release said ."
positive,"The equipment will expand container handling capacity at Namibia 's main port of Walvis Bay , on the west coast ."
positive,The expansion includes the doubling of the floor space and the addition of more lifting capacity and production equipment .
positive,The Group aims to increase its net sales and comparable operating profit in 2006 .
neutral,The order also includes start-up and commissioning services .
neutral,"The order consists of capacity expansion , maintenance services and new charging functionality , the company said ."
neutral,The phones are targeted at first time users in growth markets .
neutral,"The repayment of EUR 105 million debenture bonds is related to the Company 's previous announcement on October 21 , 2009 to collect irrevocable selling commitments from the holders of its subordinated debenture bonds ."
neutral,The revenues of the business reached NOK 12 million for 2008 .
positive,"The subscriptions increase Cargotec 's share capital by 36,780 euros ."
positive,"The subscriptions increase Cargotec 's share capital by EUR 27,060 ."
positive,"The total area of the Gorelovo plant is about 22,000 sq m. Atria invested about EURO 70mn in the plant , which should double Atria Russia 's production capacity in the St Petersburg area ."
neutral,Tielinja generated net sales of 7.5 mln euro $ 9.6 mln in 2005 .
neutral,"Tikkurila Powder Coatings has some 50 employees at its four paint plants , which generated revenues of EUR2 .4 m USD3 .3 m in 2010 ."
neutral,U.S. District Judge Douglas P. Woodlock yesterday extended a Jan. 17 temporary restraining order until March 7 .
neutral,"UK 's Sarantel to outsource part of its processes to Elcoteq plant in Estonia LONDON , Oct 13 , BNS - The British miniature antennas maker Sarantel has signed an agreement to outsource its assembly test and supply chain processes to the plant of Elcoteq in the Estonian capital Tallinn ."
neutral,"Under the rental agreement , Stockmann was committed to invest in the building of a bridge over the Gogol Street or build an underground tunnel for crossing the street by 2004 ."
neutral,We have made long-term investments in developing the system 's implementation model .
positive,"With the launch of new 3G handsets , Nokia aims to become the winner in China 's 3G market as it did in the 2G market ."
neutral,"With this subscription , Fortum 's ownership in TGK-10 has increased to slightly over 76 % of shares and voting rights ."
neutral,VNH generates annual net sales of about 5 mln eur and employs 21 people .
positive,"Earnings per share ( EPS ) for the first quarter 2007 amounted to EUR0 .07 , up from EUR0 .04 ."
negative,"Jan. 6 -- Ford is struggling in the face of slowing truck and SUV sales and a surfeit of up-to-date , gotta-have cars ."
neutral,"Rautakesko 's business operations in Norway and Russia , acquired in July 2005 , are included in the figures of the comparable period , impacting sales growth starting from August ."
positive,"Operating profit was EUR 11.07 mn , up from EUR 8.65 mn ."
negative,Peer Peugeot fell 0.81 pct as its sales rose only 6.3 pct from the same period last year .
negative,Pharmaceuticals group Orion Corp reported a fall in its third-quarter earnings that were hit by larger expenditures on R&D and marketing .
negative,"However , the growth margin slowed down due to the financial crisis ."
positive,"Significance : Teleste has emphasised that with its large size and growing economy , as well as the rapid development of its TV services distribution industry , Poland is viewed as an attractive market ."
positive,"`` We reached agreement with the union that flights will continue as normal , '' Finnair spokesman Usko Maatta said ."
positive,"In Finland , insurance company Pohjola and the Finnish motorcyclist association have signed an agreement with the aim of improving motorcyclists ' traffic safety ."
positive,"HELSINKI ( AFX ) - Nokian Tyres reported a fourth quarter pretax profit of 61.5 mln eur , up from 48.6 mln on the back of strong sales ."
positive,"Kalnapilio-Tauro Grupe ( Kalnapilis-Tauras Group ) , which is owned by Denmark 's Royal Unibrew , raised its market share to 25.18 percent from 23.74 percent , as beer sales for the seven months jumped by 14.5 percent to 40.5 million liters ."
positive,"Kalnapilio-Tauro Grupe ( Kalnapilis-Tauras Group ) , which is owned by Denmark 's Royal Unibrew , raised its market share to 25.2 percent from 23.91 percent , as beer sales for the nine months jumped by 11.4 percent to 52.99 million liters ."
positive,"Marimekko has today ( 20 November ) signed a license agreement with the Swedish chain , whereby Marimekko will license some of its popular patterns from the 1950s , 1960s and 1970s to H&M ."
positive,More staff has been recruited in Japan to further complement its network of close to 50 service locations in more than 20 countries worldwide .
positive,Nokian Capacitors ' equipment will be used to raise the capacity and reliability of the Indian grid .
positive,Rautaruukki Corporation Stock exchange release 3 December 2009 at 12 noon Ruukki 's construction and engineering divisions are to further improve and adjust their operations in Finland .
positive,"Ruukki Romania , the local arm of Finnish metal producer Ruukki , increased its capital by 900,000 euro ( $ 1.14 mln ) through cash contribution , it was reported on September 19 , 2006 ."
positive,"STX Finland Oy signed a a preliminary agreement for the building of an environmentally friendly , new generation cruise ferry for Viking Line to manage on between Turku , Finland , and Stockholm , Sweden withViking Line ABP ."
positive,The company now estimates its net sales in 2010 to increase considerably from 2009 and its operating result to be clearly positive .
positive,"The tower it chose to add , due to go into operation in the summer , will increase total capacity to 80 broadsheet or 160 tabloid pages , with the ability to run 32 - and 48-page products side by side ."
positive,"Uponor made an operating profit of EUR 151.0 mn , up from EUR 143.7 mn , which made 2007 a record year ."
positive,"Basware Corporation stock exchange release August 31 , 2010 at 16:25 Basware signed a large deal with an international industrial group Basware will deliver Invoice Automation solution and Connectivity Services to an international industrial group ."
positive,It estimates the operating profit to further improve from the third quarter .
positive,Kazgiprotsvetmet and Outotec Finland have signed an agreement on strategic cooperation in the marketing and providing of minerals processing and metallurgical plants and related services in Kazakhstan and the surrounding countries .
positive,Lemcon signed an investment cooperation agreement with the Kaluga regional administration last November .
positive,Ruukki forecast a 15-20 % annual sales growth and a positive pretax result for 2010 .
positive,Sales rose 10 pct to 566 mln eur on the back of strong volume and favourable currency effects .
positive,The growth of net sales has continued favourably in the Middle East and Africaand in Asia Pacific .
positive,"The new agreement , which expands a long-established cooperation between the companies , involves the transfer of certain engineering and documentation functions from Larox to Etteplan ."
positive,With this appointment Kaupthing Bank aims to further co-ordinate Capital Markets activities within the Group and to improve the overall service to clients .
neutral,"Cencorp , headquartered in Virkkala , Finland , develops and supplies automation solutions to the electronics and semiconductor industry that enhance productivity ."
neutral,"Following the increase , Huhtamaki Oyj 's registered share capital is EUR 358,706,290.00 and the number of shares outstanding is 105,501,850 ."
neutral,"Following this increase Huhtamaki 's registered share capital is EUR360 .62 m and the number of shares outstanding is 106,063,320 ."
neutral,"The company has also supplied more than 200 MW of power generating equipment for a number of projects in Papua New Guinea , including 12 engines of the Wartsila 32 type to Lihir Gold ."
neutral,"Under the agreement , Pfizer has been funding Biotie 's research activities on the PDE10 phosphodiesterase 10 inhibitor program since its start in late 2006 and has the sole authority to develop discovered compounds ."
neutral,"When the OMX market forwards mature on May 16 , 2008 , Novator Finland Oy 's direct shareholding in Amer Sports Corporation will exceed one-fifth 1-5 of the company 's shares and voting rights ."
positive,"To prove the efficiency of the China Mobile system , Rod Baber , an English climber , climbed to the Mount Everest summit and successfully made calls ."
neutral,"`` These tests are part of a larger campaign which includes various customer trials and demonstrations to make LTE on 800 MHz commercially viable by this summer , '' Nokia Siemens head of LTE business line , Reino Tammela , said ."
positive,"Finnish Ahlstrom Corporation will double its investments in a new specialty glassfiber reinforcement plant in South Carolina , in the US ."
neutral,"Helsinki on October 22 , 2008 SSH COMMUNICATIONS SECURITY CORP Board of Directors For further information , please contact : Tomi Laamanen , Chairman , tel. +358 0 400 609 544 Distribution : NASDAQ OMX Helsinki Ltd. ."
neutral,Patrizia adds the acquisition to a portfolio already worth EUR3bn .
positive,Sales rose to 300.9 mln eur compared with last year 's 276.1 mln eur and in line with 299 mln eur consensus figure .
positive,The contract was signed in August with Papua New Guinea-based Lihir Gold Ltd ASX : LGL .
neutral,"The offer of some 30 million shares aimed to raise more than  x20ac 500 million US$ 640 million , was expected to be completed by Oct. 9 , Outokumpu said ."
positive,"`` Our extensive co-operation will also bolster SysOpen Digia 's position in the domestic operator market , '' Kallioranta adds ."
positive,"`` With this agreement , we can continue our good cooperationand at the same time release capital that has been tied up in ourmachinery operation ."
positive,"Theodosopoulos said Tellabs could be of value to Nokia Siemens or Nortel given its `` leading supply status '' with Verizon , along with high-growth products ."
positive,"We succeeded in increasing our market share of sold apartment '' , comments Mr Kari Kauniskangas , Head of YIT International Construction Services ."
positive,"With CapMan as a partner , we will be able to further develop our business and continue to focus on providing quality restaurant services for our customers , '' says Christopher Wynne , CEO of Papa John 's Russia ."
positive,"Finnish Suominen Corporation that specialises in wet wipes , nonwovens , and flexible packaging reports net sales of EUR 44.1 mn in the second quarter of 2010 , up from EUR 43.3 mn in the second quarter of 2009 ."
positive,"Finnish telecoms software developer Tecnomen Oyj said on December 5 , 2006 it won a $ 3.3 mln ( 2.5 mln euro ) order to supply an expansion of the charging and messaging systems for the mobile and fixed networks of Brasil Telecom ."
positive,Increased trust of our clients in YIT can be seen as apartment sales accelerated .
positive,"( ADP News ) - Dec 11 , 2008 - Finnish construction and engineering company Outotec Oyj ( OMX : OTE1V ) said today it won a EUR 28 million ( USD 36.8 m ) order to expand the phosphate concentrator in Siilinjarvi of Norwegian minera"
positive,"Mr Priit Kasak , Balti Metsamasina 's owner , said the Rakvere-based company wishes to increase Valmet 's market share from 27 % to a third in a couple of years ."
neutral,"Ponsse plans to create a network that is based on strong partnership , and participates in the production of larger entities than presently ."
positive,The bank sees a potential for Getinge share to rise .
positive,"The company recorded revenues of E658 .1 million during the fiscal year ended December 2007 , an increase of 23 % over 2006 ."
positive,The cooperation will double The Switch 's converter capacity .
positive,The robust growth was the result of the inclusion of clothing chain Lindex in the Group in December 2007 .
positive,"The six breweries recorded a 5.2 percent growth in domestic beer sales last year to 270.21 million liters , from 256.88 million liters sold in 2005 ."
positive,4G allows customers to use mobile broadband services with speeds up to ten times higher than with today 's 3G .
neutral,"According to Eijkens , a publisher can do much more than just publish colourful books : a publisher can provide value added to information by individualising it ."
positive,"Based on strong customer interest and feedback , using RPM mobile phone manufacturers , operators , enterprises and developer forums can significantly increase their product and service quality , user-experience and cost-efficiency '' , Tulonen continues ."
neutral,Cameco is to provide an upfront investment of up to USD 60mn for the construction of the uranium extraction circuit .
neutral,"CDP was established on the initiative of institutional investors ; however , the annually published results also interest an increasing number of customers and other interest groups of the reporting companies ."
neutral,The original contract was signed last summer .
neutral,"` It is a testament to the quality of our LTE solution and our commitment to the Japanese market ' , he added ."
positive,`` Ixonos has a rich heritage in developing leadership experiences in the smartphone segment .
positive,`` The acquisition of Elektros Pavara completes KONE 's market expansion strategy in the Baltic Countries .
positive,18 January 2010 - Finnish IT consultancy Trainers ' House Oyj HEL : TRH1V said last Friday it resolved to issue a EUR5m hybrid bond to domestic investors in a bid to strengthen its capital structure .
neutral,"ALEXANDRIA , Va. , Oct. 15 -- Aaron Moss of Hampshire , Great Britain , has developed an ornamental design for a handset , the U.S. Patent & Trademark Office announced ."
neutral,hybrid bond 18 January 2010 - Finnish IT consultancy Trainers ' House Oyj HEL : TRH1V said last Friday it resolved to issue a EUR5m hybrid bond to domestic investors in a bid to strengthen its capital structure .
positive,"Repair and maintenance business accounted for net sales of EUR 645.3 mn , up from EUR 563.6 mn ."
positive,"The money will be spent `` on strengthening the company 's competitiveness in the sphere of sawmill products and increasing the volume of wood delivered for processing in Russia , '' the release says ."
positive,The new technology improves the glass quality and consistency while increasing throughput .
neutral,"The reasons behind the estimate include the rise in 2008 rent levels and several fully-leased office and retail properties , which were completed and added to the company 's investment property portfolio ."
positive,"The Vaisala Group is a successful international technology company that develops , manufactures and markets electronic measurement systems and products ."
neutral,"The Vuokatti unit will be developed to focus especially on the manufacture of prototypes , the ramp-up of new products and the demanding testing and after-sales services ."
positive,We look forward to helping the company develop its operational services and further digitalize its services for its customers . ''
neutral,"AGJ recorded EUR 43 mln sales in 2006 , most of which was generated by exports to customers in Western Europe , the statement said ."
positive,"`` The number of collection errors fell considerably , and operations speeded up ."
positive,"By combining its existing solutions into a single platform , Comptel said that it has reduced the cost of deployment ."
positive,"In the second quarter of 2010 , the group 's pretax loss narrowed to EUR 400,000 from EUR 600,000 ."
positive,"26 January 2011 - Finnish metal products company Componenta Oyj ( HEL : CTH1V ) said yesterday its net loss narrowed to EUR500 ,000 in the last quarter of 2010 from EUR5 .3 m for the same period a year earlier ."
positive,8 May 2009 - Finnish liquid handling products and diagnostic test systems maker Biohit Oyj ( HEL : BIOBV ) said today ( 8 May 2009 ) its net loss narrowed to EUR0 .1 m ( USD0 .14 m ) for the first quarter of 2009 from EUR0 .4 m for the same period of 2008 .
positive,Finnish fibers and plastic products maker Suominen Corporation said its net loss from continuing operations narrowed to 1.8 mln euro ( $ 2.3 mln ) in 2006 from 3.7 mln euro ( $ 4.8 mln ) in 2005 .
positive,"Finnish metal products company Componenta Oyj ( HEL : CTH1V ) said today its net loss narrowed to EUR 500,000 ( USD 680,000 ) in the last quarter of 2010 from EUR 5.3 million for the same period a year earlier ."
positive,Finnish sports equipment maker Amer Sports Oyj ( HEL : AMEAS ) said today that its net loss narrowed to EUR 16.9 million ( USD 22.3 m ) in the second quarter of 2010 from EUR 23.2 million in the corresponding period a year earlier .
positive,"Finnish steel maker Rautaruukki Oyj ( HEL : RTRKS ) , or Ruukki , said today its net loss contracted to EUR 49 million ( USD 68.2 m ) for the first nine months of 2010 from EUR 229 million for the same period a year ago ."
positive,"For the first nine months of 2010 , Talvivaara 's net loss narrowed to EUR 8.3 million from EUR 21.9 million for the same period of 2009 ."
positive,"In the first nine months of 2010 , the company 's net loss narrowed to EUR 415,000 from EUR 7.4 million for the corresponding period of 2009 ."
positive,"In the first nine months of 2010 , the company 's net loss narrowed to EUR415 ,000 from EUR7 .4 m for the corresponding period of 2009 ."
positive,"( ADP News ) - Feb 9 , 2009 - Finnish computer services company Proha Oyj ( HEL : ART1V ) said today its net loss narrowed to EUR 113,000 ( USD 146,000 ) for 2008 from EUR 1.2 million for 2007 ."
positive,The new factory working model and reorganisations would decrease Nokian Tyres ' costs in the factory by EUR 30 million ( USD 38.7 m ) .
positive,20 October 2010 - Finnish metal products company Componenta Oyj HEL : CTH1V said yesterday that its net loss narrowed to EUR7m for the first nine months of 2010 from EUR23 .3 m for the same period of 2009 .
positive,Finnish fibers and plastic products maker Suominen Corporation said its net loss narrowed to 1.6 mln euro $ 2.0 mln in the first nine months of 2006 from 2.16 mln euro $ 2.7 mln in the same period of 2005 .
positive,"In contrast , the company 's net loss for the third quarter of 2009 contracted to EUR 76 million from EUR 256 million for the corresponding period a year ago ."
positive,"In the second quarter of 2010 , Raute 's net loss narrowed to EUR 123,000 from EUR 1.5 million in the same period of 2009 ."
positive,"ADP News - Nov 13 , 2008 - Finnish printed circuit board PCB maker Aspocomp Group Oyj OMX : ACG1V said today that its net loss narrowed to EUR 2 million USD 2.5 m in the first nine months of 2008 from EUR 57"
positive,"Metsaliitto , however , narrowed its net loss for the second quarter of 2007 to 5.0 mln euro $ 6.9 mln from 61 mln euro $ 83.7 mln a year ago ."
positive,"narrows to EUR2 .8 m 9-mo '09 29 October 2009 - Finnish software and hardware developer Elektrobit Oyj HEL : EBG1V , or EB , said today that its net loss narrowed to EUR2 .8 m for the first nine months of 2009 from EUR35 .6 m for the same period a year ago ."
positive,The diluted loss per share narrowed to EUR 0.27 from EUR 0.86 .
positive,Unit costs for flight operations fell by 6.4 percent .
positive,The loss for the third quarter of 2007 was EUR 0.3 mn smaller than the loss of the second quarter of 2007 .
positive,The loss for the third quarter of 2007 was EUR 0.3 mn smaller than the loss of the second quarter of 2007 .
positive,The loss for the third quarter of 2007 was EUR 0.3 mn smaller than the loss of the second quarter of 2007 .
positive,The loss for the third quarter of 2007 was EUR 0.3 mn smaller than the loss of the second quarter of 2007 .
positive,The loss for the third quarter of 2007 was EUR 0.3 mn smaller than the loss of the second quarter of 2007 .
positive,The loss for the third quarter of 2007 was EUR 0.3 mn smaller than the loss of the second quarter of 2007 .
positive,The loss for the third quarter of 2007 was EUR 0.3 mn smaller than the loss of the second quarter of 2007 .
positive,The loss for the third quarter of 2007 was EUR 0.3 mn smaller than the loss of the second quarter of 2007 .
positive,The loss for the third quarter of 2007 was EUR 0.3 mn smaller than the loss of the second quarter of 2007 .
positive,The loss for the third quarter of 2007 was EUR 0.3 mn smaller than the loss of the second quarter of 2007 .
positive,The loss for the third quarter of 2007 was EUR 0.3 mn smaller than the loss of the second quarter of 2007 .
positive,The loss for the third quarter of 2007 was EUR 0.3 mn smaller than the loss of the second quarter of 2007 .
positive,The loss for the third quarter of 2007 was EUR 0.3 mn smaller than the loss of the second quarter of 2007 .
positive,The loss for the third quarter of 2007 was EUR 0.3 mn smaller than the loss of the second quarter of 2007 .
positive,The loss for the third quarter of 2007 was EUR 0.3 mn smaller than the loss of the second quarter of 2007 .
positive,The loss for the third quarter of 2007 was EUR 0.3 mn smaller than the loss of the second quarter of 2007 .
positive,The loss for the third quarter of 2007 was EUR 0.3 mn smaller than the loss of the second quarter of 2007 .
positive,The loss for the third quarter of 2007 was EUR 0.3 mn smaller than the loss of the second quarter of 2007 .
positive,The loss for the third quarter of 2007 was EUR 0.3 mn smaller than the loss of the second quarter of 2007 .
positive,The loss for the third quarter of 2007 was EUR 0.3 mn smaller than the loss of the second quarter of 2007 .
neutral,"After non-recurring items of EUR 177mn , profit amounted to EUR 20mn ."
neutral,Almost two thirds of Olvi 's net sales come from outside Finland .
neutral,"Also , CBA is to issue a benchmark , 10 year fixed rate deal in Euros ."
neutral,Amanda Capital has investments in 22 private equity funds and in over 200 unquoted companies mainly in Europe .
neutral,"Among other industrial stocks , Metso added 0.53 pct to 40.04 eur , Wartsila B was down 0.77 pct at 47.87 eur and Rautaruukki K was 1.08 pct lower at 37.56 eur ."
neutral,"Among paper issues , Stora Enso R was little changed -- up 0.08 pct at 12.03 eur , UPM-Kymmene was 0.48 pct higher at 18.77 eur and M-real B added 0.50 pct to 3.99 eur ."
neutral,An Android app will be coming soon .
neutral,An Apple spokeswoman said the company declined to comment .
neutral,Analysts surveyed by Thomson Financial expected revenue of $ 69 million for the quarter .
neutral,Around 250 of these reductions will be implemented through pension arrangements .
neutral,Around 50 percent of the world 's ro-ro fleet is over 25 years old and needs to be scrapped for environmental reasons .
neutral,As a consequence of the merger the number of administration personnel at the factories will be reduced by six .
neutral,"As a result , the number of personnel in Finland will be reduced by 158 ."
negative,As a result some 20 persons will no longer be needed .
neutral,"As much biomass will be used as can be sourced locally , with the rest of the plant 's fuel needs met by peat ."
neutral,"As part of the transaction , the +_+Ænekoski paper mill remained in M-real 's ownership and continued Galerie Art production for Sappi under a long-term contract ."
positive,"ASPO Plc STOCK EXCHANGE ANNOUNCEMENT May 4 , 2006 at 10:00 a.m. An increase in the share capital of Aspo Plc totaling EUR 1,125.60 was registered today ."
neutral,Aspo 's Group structure and business operations are developed persistently without any predefined schedules .
neutral,"Aspocomp Group , headquartered in Helsinki , Finland , develops interconnection solutions for the electronics industry ."
neutral,"Based in Helsinki , Finland , Ramirent has branches in 13 Nordic , central and Eastern European countries ."
neutral,"Based on the 2005 calendar year the combined company had EUR15 .8 bn in pro forma annual revenues and is expected to start operations with 60,000 employees ."
neutral,"BAVARIA Industriekapital AG 's 2006 revenues were EUR 333 million , with an EBITDA of EUR 51 million ."
negative,"Biohit said that it will reduce the number of leased personnel by 10 , and lay off 10 of its own personnel ."
neutral,BM4 middle layer headbox will be equipped with a dilution control system .
neutral,Boomerang Boats had net sales of EUR 4.1 mn and it made an operating profit of EUR 0.4 mn in 2006 .
neutral,"By the end of 2006 , the number of joint branch offices will total 170 ."
neutral,Cameco typically prices sales contracts using a 40:60 ratio of fixed prices and spot prices .
neutral,"CapMan , the Stockholm-headquartered private equity firm , has held a first close on its second private equity real estate fund as it continues its push into the property sector ."
neutral,Cargotec 's business areas also include the container handling solutions business area Kalmar and the marine cargo handling and offshore load handling solutions business area MacGREGOR .
neutral,"Cargotec 's sales totalled EUR 3.4 billion in 2008 and it employs approximately 11,000 people ."
neutral,Cargotec will also move Hallberg-Ivarsson 's service and installation business under the same roof with its service center for Kalmar and MacGregor solutions in Gothenburg .
neutral,"Citigroup , Inc NYSE : C , Deutsche Bank NYSE : DB and Pohjola Bank are lead managers for the sale ."
neutral,Coffee will be served starting at 14:30 EET as well as after the event .
neutral,Combined net sales in 2006 were $ 27 million and EBITDA was $ 13.7 million .
neutral,"Combined with the Basware Enterprise Purchase to Pay portfolio , it provides a high level of automation for procurement and invoice workflows ."
neutral,"Commenting on the deal , Shane Lennon , SVP of Marketing & Product Development at GyPSii said : ?"
positive,"Comparable net sales are expected to increase more than 10 % in 2008 , in line with group target ."
neutral,"Componenta has production lines for similar-sized products at Karkkila in Finland , at Weert in the Netherlands and at Orhangazi in Turkey , and these had a combined output of approximately 100,000 tonnes and net sales of EUR 135 million in 2007 ."
neutral,Componenta will also offer a five-year subordinated loan for subscription by the public .
neutral,CS Cabot 's main consumers on the Czech and Slovak market are tires producers Barum Continental and Matador Continental .
neutral,Curators have divided their material into eight themes .
neutral,"Currently , 95 % of Trainers House 's revenues are attributed to the Finnish market ."
neutral,"Currently , the company uses eight similar reach stackers and four empty container handlers by Konecranes ."
neutral,Currently Alfred A Palmberg is putting the finishing touches to one of Finland 's biggest ever re-plumbing and bathroom refurbishment projects also in the district of Vuosaari .
neutral,"Currently Glaston employs approximately 1,500 persons ."
neutral,"Currently it operates a fleet of eight carriers , as well as nine pushers and barges ."
negative,"HELSINKI Thomson Financial - Shares in Cargotec fell sharply in early afternoon trade after the cargo handling group posted a surprise drop in April-June profits , which overshadowed the large number of new orders received during the three months ."
negative,LONDON MarketWatch -- Share prices ended lower in London Monday as a rebound in bank stocks failed to offset broader weakness for the FTSE 100 .
neutral,"Rinkuskiai 's beer sales fell by 6.5 per cent to 4.16 million litres , while Kauno Alus ' beer sales jumped by 6.9 per cent to 2.48 million litres ."
negative,"Operating profit fell to EUR 35.4 mn from EUR 68.8 mn in 2007 , including vessel sales gain of EUR 12.3 mn ."
negative,"Net sales of the Paper segment decreased to EUR 221.6 mn in the second quarter of 2009 from EUR 241.1 mn in the second quarter of 2008 , while operating profit excluding non-recurring items rose to EUR 8.0 mn from EUR 7.6 mn ."
negative,"Sales in Finland decreased by 10.5 % in January , while sales outside Finland dropped by 17 % ."
negative,"ADPnews - Sep 28 , 2009 - Finnish silicon wafers maker Okmetic Oyj HEL : OKM1V said it will reduce the number of its clerical workers by 22 worldwide as a result of personnel negotiations completed today ."
negative,"- Demand for fireplace products was lower than expected , especially in Germany ."
negative,"Currently , the company foresees its pre-tax profit to remain below the 2009 level when it reached EUR 700,000 USD 934,000 , compared with previous projections of a slightly better pre-tax profit ."
negative,"However , the orders received during the period under review fell by 17 % quarter-on-quarter from the EUR 213 million recorded in the second quarter of 2010 ."
negative,"The announcement pushed Freenet shares down 6.3 % , or EUR0 .71 , in Frankfurt trade to EUR10 .65 as investors gave up hope United Internet AG and Drillisch would pursue their own takeover and breakup of Freenet ."
positive,"Danske Bank A-S DANSKE DC jumped 3.7 percent to 133.4 kroner , rebounding from yesterday s 3.5 percent slide ."
positive,Our superior customer centricity and expertise in digital services set us apart from our competitors .
negative,"According to the company , in addition to normal seasonal fluctuation the market situation has weakened during autumn 2008 ."
negative,"Changes in the market situation and tougher price competition have substantially reduced demand for bread packaging manufactured at the Kauhava plant , according to the company ."
negative,"In the building and home improvement trade , sales decreased by 6.3 % , totalling EUR 154.1 mn ."
negative,"In the building and home improvement trade , net sales totalled EUR 1,173 mn , down from EUR 1,566 mn a year earlier ."
negative,"In the building and home improvement trade , sales decreased by 22.5 % to EUR 201.4 mn ."
negative,"Finnish Suominen Corporation that makes wipes , nonwovens , and flexible packaging , expects changes in the market situation to reduce sales of Suominen 's nonwovens and wet wipes from the previously estimated volumes ."
neutral,The hull of the vessel was built one block at a time and Ruukki delivered the plate material for each block as construction progressed .
negative,The net sales of the whole fiscal year 2008 will be lower than in 2007 and operating profit is estimated to be negative .
negative,Sales at the unit slumped last year after the industry was hit by poor snowfall in the major resorts in the winter of 2006-07 .
negative,"The steelmaker said that the drop in profit was explained by the continuing economic uncertainty , mixed with the current drought in bank lending , resulting in a decline in demand for its products as customers find it increasingly difficult to fund operations ."
negative,"Nokia 's share price fell less than one percent to 18.70 euros ( $ 25.41 ) in Helsinki , while Siemens shares fell 1.02 percent to 90.19 euros ( $ 122.57 ) in Frankfurt ."
negative,In February the Elcoteq group sold its St Petersburg facility ; according to unconfirmed information the reason could have been supply problems because of the Russian customs service .
negative,`` Operating profit declined mainly due to the increased cost of wood and recycled fiber and the strengthened euro . ''
negative,Operating profit in the fourth quarter went down to EUR3m from EUR4 .2 m for the corresponding period of 2009 as it included costs of growth projects .
neutral,"The manager is critical of politicians ' failure to differentiate between beleaguered European financial institutions and Skandinavian banks , `` which sailed through the crisis without issues '' ."
negative,"UPM-Kymmene Corp. , the world 's largest maker of magazine paper , on Tuesday reported a 19-percent profit drop as lower paper prices , higher costs and a strong euro hurt revenue ."
neutral,"In Finland , the launch of tie-in sales of 3G mobile phones did not cause a dramatic rush in mobile retail outlets during the first few days ."
neutral,`` I 'm not sure what 's happening .
neutral,"As such , the space has blond wood floors ( unlike the rest of the store ) and a notably Scandinavian vibe ."
negative,The sales of the Tiimari segment fell by 4.0 % year-on-year to EUR3 .3 m in June 2010 .
negative,"Finnish electronics contract manufacturer Scanfil had net sales of EUR 52.2 mn in the first quarter of 2007 , down from EUR 60.1 mn a year before ."
negative,"Alma Media 's operating profit amounted to EUR 11.9 mn , down from EUR 15.0 mn a year earlier ."
negative,"Commission income decreased to EUR 3.8 mn , compared to EUR 4.6 mn in the third quarter of 2007 ."
negative,Commission income fell to EUR 4.6 mn from EUR 5.1 mn in the corresponding period in 2007 .
negative,Export declined by 6 percent to 16.4 million liters .
negative,"Exports of goods fell by 59 % , and imports by 16.7 % ."
negative,Finnish developer and manufacturer of mobile phone chargers Salcomp Plc OMX Helsinki : SAL1V on Wednesday 19 November lowered its full-year net sales estimate .
negative,Finnish investment group Norvestia Oyj said its net profit fell to 23.5 mln euro $ 30.6 mln in 2006 from 33.5 mln euro $ 43.6 mln in 2005 .
negative,"Group EBIT for the first half was EUR13 .6 m US$ 17.8 m , falling short of the EUR22 .5 m it posted for the same period of 2009 ."
negative,"However , its market share shrank to 47.59 per cent from 48 per cent a year earlier ."
negative,"However , the company saw its net profit for the third quarter down to EUR 1.4 million from EUR 1.5 million for the corresponding period of 2009 ."
negative,"However , the company saw its net profit for the third quarter down to EUR1 .4 m from EUR1 .5 m for the corresponding period of 2009 ."
negative,"However , the net sales declined to EUR 803.6 million from EUR 1.2 billion ."
negative,"In food trade , sales amounted to EUR320 .1 m , a decline of 1.1 % ."
negative,"In January-November 2009 , the group 's sales totalled EUR 7,801.7 mn , which was a drop of 12.6 % from the same period of 2008 ."
negative,"In July-September 2009 , Konecranes ' sales decreased to EUR 368.7 mn from EUR 520.4 mn in July-September 2008 ."
negative,"In sales volume , Coca-Cola 's market share has decreased by 2.2 % to 24.2 % ."
negative,"In September alone , the market declined by 10.2 percent year-on-year to 19.28 million liters ."
negative,"In the Baltic countries , development of operations and reorganisation continued , and non-recurring items related to the takeover process lowered earnings ."
negative,"In the Baltic countries , sales fell by 40.2 % , and in Russia , by 23.2 % in terms of euros , and by 10.7 % in terms of local currency ."
negative,"In the Baltic countries , sales fell by 42.6 % ."
negative,Nokia s U.S. shares were 3.3 percent lower at $ 12.73 by 1750 GMT .
negative,"Nokia shares hit 13.21 euros on Friday , down 50 percent from the start of the year in part because of the slow introduction of touch-screen models ."
negative,Operating profit decreased to EUR 11.2 mn from EUR 16.6 mn .
negative,"Operating profit decreased to nearly EUR 1.7 mn , however ."
negative,Operating profit fell to EUR 20.3 mn from EUR 74.2 mn in the second quarter of 2008 .
negative,Operating profit in the fourth quarter fell to EUR33m from EUR39m a year earlier .
negative,"Operating profit totaled EUR 3.8 mn , down from EUR 4.5 mn in the corresponding period in 2005 ."
negative,"Operating profit totaled EUR 6.7 mn , down from EUR 7.2 mn in the corresponding period in 2005 ."
negative,"Operating profit totaled EUR 9.4 mn , down from EUR 11.7 mn in 2004 ."
negative,"Operating profit totalled EUR 1.22 mn , down from EUR 3.56 mn in the first quarter of 2008 ."
negative,"Operating profit totalled EUR 30.2 mn , down from EUR 43.8 mn a year earlier ."
negative,"Operating profit totalled EUR 9.0 mn , down from EUR 9.7 mn in the first half of 2008 ."
negative,"Operating profit totalled EUR 9.6 mn , down from EUR 42.0 mn the year before ."
